{
  "stats": {
    "suites": 5,
    "tests": 16,
    "passes": 16,
    "pending": 0,
    "failures": 0,
    "start": "2021-09-10T05:29:21.171Z",
    "end": "2021-09-10T05:29:21.189Z",
    "duration": 18
  },
  "tests": [
    {
      "title": "index.html과 body가 있는지 체크합니다",
      "fullTitle": "💡 테스트가 잘 작동하는지 확인합니다 index.html과 body가 있는지 체크합니다",
      "duration": 1,
      "currentRetry": 0,
      "err": {}
    },
    {
      "title": "아이디 입력창 `#username`가 있어야 합니다",
      "fullTitle": "💡 실습을 잘 따라했는지 확인합니다 아이디 입력창 `#username`가 있어야 합니다",
      "duration": 1,
      "currentRetry": 0,
      "err": {}
    },
    {
      "title": "성공 메시지 `.success-message`가 있어야 합니다",
      "fullTitle": "💡 실습을 잘 따라했는지 확인합니다 성공 메시지 `.success-message`가 있어야 합니다",
      "duration": 1,
      "currentRetry": 0,
      "err": {}
    },
    {
      "title": "실패 메시지 `.failure-message`가 있어야 합니다",
      "fullTitle": "💡 실습을 잘 따라했는지 확인합니다 실패 메시지 `.failure-message`가 있어야 합니다",
      "duration": 0,
      "currentRetry": 0,
      "err": {}
    },
    {
      "title": "아이디 입력창 `#username`에 네 글자 이하를 입력하면, 실패 메시지가 보여야 합니다",
      "fullTitle": "💡 실습을 잘 따라했는지 확인합니다 아이디 입력창 `#username`에 네 글자 이하를 입력하면, 실패 메시지가 보여야 합니다",
      "duration": 3,
      "currentRetry": 0,
      "err": {}
    },
    {
      "title": "아이디 입력창 `#username`에 네 글자 이상를 입력하면, 성공 메시지가 보여야 합니다",
      "fullTitle": "💡 실습을 잘 따라했는지 확인합니다 아이디 입력창 `#username`에 네 글자 이상를 입력하면, 성공 메시지가 보여야 합니다",
      "duration": 1,
      "currentRetry": 0,
      "err": {}
    },
    {
      "title": "비밀번호 입력창 `#password`가 있어야 합니다",
      "fullTitle": "💡 Bare Minimum Requirements - HTML을 이용해 목업을 만드세요 비밀번호 입력창 `#password`가 있어야 합니다",
      "duration": 0,
      "currentRetry": 0,
      "err": {}
    },
    {
      "title": "비밀번호 확인 입력창 `#password-retype`가 있어야 합니다",
      "fullTitle": "💡 Bare Minimum Requirements - HTML을 이용해 목업을 만드세요 비밀번호 확인 입력창 `#password-retype`가 있어야 합니다",
      "duration": 0,
      "currentRetry": 0,
      "err": {}
    },
    {
      "title": "비밀번호 입력창과, 비밀번호 확인 입력창의 값이 다를 때에 표시할 시각적 피드백 `.mismatch-message`를 제공해야 합니다",
      "fullTitle": "💡 Bare Minimum Requirements - HTML을 이용해 목업을 만드세요 비밀번호 입력창과, 비밀번호 확인 입력창의 값이 다를 때에 표시할 시각적 피드백 `.mismatch-message`를 제공해야 합니다",
      "duration": 1,
      "currentRetry": 0,
      "err": {}
    },
    {
      "title": "처음 페이지를 띄울 때 시각적 피드백은 화면에 보이지 않습니다",
      "fullTitle": "💡 Bare Minimum Requirements - HTML을 이용해 목업을 만드세요 처음 페이지를 띄울 때 시각적 피드백은 화면에 보이지 않습니다",
      "duration": 0,
      "currentRetry": 0,
      "err": {}
    },
    {
      "title": "두 개의 값을 입력으로 받아 일치 여부를 판단하는 함수 `isMatch`가 있어야 합니다",
      "fullTitle": "💡 Bare Minimum Requirements - 유효성 검사 함수를 작성하세요 두 개의 값을 입력으로 받아 일치 여부를 판단하는 함수 `isMatch`가 있어야 합니다",
      "duration": 0,
      "currentRetry": 0,
      "err": {}
    },
    {
      "title": "두 개의 값을 입력해서 일치하면 true를 반환합니다",
      "fullTitle": "💡 Bare Minimum Requirements - 유효성 검사 함수를 작성하세요 두 개의 값을 입력해서 일치하면 true를 반환합니다",
      "duration": 0,
      "currentRetry": 0,
      "err": {}
    },
    {
      "title": "두 개의 값을 입력해서 일치하지 않으면 false를 반환합니다",
      "fullTitle": "💡 Bare Minimum Requirements - 유효성 검사 함수를 작성하세요 두 개의 값을 입력해서 일치하지 않으면 false를 반환합니다",
      "duration": 0,
      "currentRetry": 0,
      "err": {}
    },
    {
      "title": "비밀번호 확인창에 keyup 이벤트 핸들러가 존재해야 합니다",
      "fullTitle": "💡 Bare Minimum Requirements - 비밀번호 일치 여부를 확인하고 시각적 피드백을 제공하세요 비밀번호 확인창에 keyup 이벤트 핸들러가 존재해야 합니다",
      "duration": 0,
      "currentRetry": 0,
      "err": {}
    },
    {
      "title": "비밀번호 확인창에 값이 입력될 때, 비밀번호 값이 서로 일치하지 않으면 `.mismatch-message` 메시지가 보여야 합니다",
      "fullTitle": "💡 Bare Minimum Requirements - 비밀번호 일치 여부를 확인하고 시각적 피드백을 제공하세요 비밀번호 확인창에 값이 입력될 때, 비밀번호 값이 서로 일치하지 않으면 `.mismatch-message` 메시지가 보여야 합니다",
      "duration": 1,
      "currentRetry": 0,
      "err": {}
    },
    {
      "title": "비밀번호 확인창 값과 비밀번호 값이 서로 일치하면 메시지가 더이상 보이지 않아야 합니다",
      "fullTitle": "💡 Bare Minimum Requirements - 비밀번호 일치 여부를 확인하고 시각적 피드백을 제공하세요 비밀번호 확인창 값과 비밀번호 값이 서로 일치하면 메시지가 더이상 보이지 않아야 합니다",
      "duration": 1,
      "currentRetry": 0,
      "err": {}
    }
  ],
  "pending": [],
  "failures": [],
  "passes": [
    {
      "title": "index.html과 body가 있는지 체크합니다",
      "fullTitle": "💡 테스트가 잘 작동하는지 확인합니다 index.html과 body가 있는지 체크합니다",
      "duration": 1,
      "currentRetry": 0,
      "err": {}
    },
    {
      "title": "아이디 입력창 `#username`가 있어야 합니다",
      "fullTitle": "💡 실습을 잘 따라했는지 확인합니다 아이디 입력창 `#username`가 있어야 합니다",
      "duration": 1,
      "currentRetry": 0,
      "err": {}
    },
    {
      "title": "성공 메시지 `.success-message`가 있어야 합니다",
      "fullTitle": "💡 실습을 잘 따라했는지 확인합니다 성공 메시지 `.success-message`가 있어야 합니다",
      "duration": 1,
      "currentRetry": 0,
      "err": {}
    },
    {
      "title": "실패 메시지 `.failure-message`가 있어야 합니다",
      "fullTitle": "💡 실습을 잘 따라했는지 확인합니다 실패 메시지 `.failure-message`가 있어야 합니다",
      "duration": 0,
      "currentRetry": 0,
      "err": {}
    },
    {
      "title": "아이디 입력창 `#username`에 네 글자 이하를 입력하면, 실패 메시지가 보여야 합니다",
      "fullTitle": "💡 실습을 잘 따라했는지 확인합니다 아이디 입력창 `#username`에 네 글자 이하를 입력하면, 실패 메시지가 보여야 합니다",
      "duration": 3,
      "currentRetry": 0,
      "err": {}
    },
    {
      "title": "아이디 입력창 `#username`에 네 글자 이상를 입력하면, 성공 메시지가 보여야 합니다",
      "fullTitle": "💡 실습을 잘 따라했는지 확인합니다 아이디 입력창 `#username`에 네 글자 이상를 입력하면, 성공 메시지가 보여야 합니다",
      "duration": 1,
      "currentRetry": 0,
      "err": {}
    },
    {
      "title": "비밀번호 입력창 `#password`가 있어야 합니다",
      "fullTitle": "💡 Bare Minimum Requirements - HTML을 이용해 목업을 만드세요 비밀번호 입력창 `#password`가 있어야 합니다",
      "duration": 0,
      "currentRetry": 0,
      "err": {}
    },
    {
      "title": "비밀번호 확인 입력창 `#password-retype`가 있어야 합니다",
      "fullTitle": "💡 Bare Minimum Requirements - HTML을 이용해 목업을 만드세요 비밀번호 확인 입력창 `#password-retype`가 있어야 합니다",
      "duration": 0,
      "currentRetry": 0,
      "err": {}
    },
    {
      "title": "비밀번호 입력창과, 비밀번호 확인 입력창의 값이 다를 때에 표시할 시각적 피드백 `.mismatch-message`를 제공해야 합니다",
      "fullTitle": "💡 Bare Minimum Requirements - HTML을 이용해 목업을 만드세요 비밀번호 입력창과, 비밀번호 확인 입력창의 값이 다를 때에 표시할 시각적 피드백 `.mismatch-message`를 제공해야 합니다",
      "duration": 1,
      "currentRetry": 0,
      "err": {}
    },
    {
      "title": "처음 페이지를 띄울 때 시각적 피드백은 화면에 보이지 않습니다",
      "fullTitle": "💡 Bare Minimum Requirements - HTML을 이용해 목업을 만드세요 처음 페이지를 띄울 때 시각적 피드백은 화면에 보이지 않습니다",
      "duration": 0,
      "currentRetry": 0,
      "err": {}
    },
    {
      "title": "두 개의 값을 입력으로 받아 일치 여부를 판단하는 함수 `isMatch`가 있어야 합니다",
      "fullTitle": "💡 Bare Minimum Requirements - 유효성 검사 함수를 작성하세요 두 개의 값을 입력으로 받아 일치 여부를 판단하는 함수 `isMatch`가 있어야 합니다",
      "duration": 0,
      "currentRetry": 0,
      "err": {}
    },
    {
      "title": "두 개의 값을 입력해서 일치하면 true를 반환합니다",
      "fullTitle": "💡 Bare Minimum Requirements - 유효성 검사 함수를 작성하세요 두 개의 값을 입력해서 일치하면 true를 반환합니다",
      "duration": 0,
      "currentRetry": 0,
      "err": {}
    },
    {
      "title": "두 개의 값을 입력해서 일치하지 않으면 false를 반환합니다",
      "fullTitle": "💡 Bare Minimum Requirements - 유효성 검사 함수를 작성하세요 두 개의 값을 입력해서 일치하지 않으면 false를 반환합니다",
      "duration": 0,
      "currentRetry": 0,
      "err": {}
    },
    {
      "title": "비밀번호 확인창에 keyup 이벤트 핸들러가 존재해야 합니다",
      "fullTitle": "💡 Bare Minimum Requirements - 비밀번호 일치 여부를 확인하고 시각적 피드백을 제공하세요 비밀번호 확인창에 keyup 이벤트 핸들러가 존재해야 합니다",
      "duration": 0,
      "currentRetry": 0,
      "err": {}
    },
    {
      "title": "비밀번호 확인창에 값이 입력될 때, 비밀번호 값이 서로 일치하지 않으면 `.mismatch-message` 메시지가 보여야 합니다",
      "fullTitle": "💡 Bare Minimum Requirements - 비밀번호 일치 여부를 확인하고 시각적 피드백을 제공하세요 비밀번호 확인창에 값이 입력될 때, 비밀번호 값이 서로 일치하지 않으면 `.mismatch-message` 메시지가 보여야 합니다",
      "duration": 1,
      "currentRetry": 0,
      "err": {}
    },
    {
      "title": "비밀번호 확인창 값과 비밀번호 값이 서로 일치하면 메시지가 더이상 보이지 않아야 합니다",
      "fullTitle": "💡 Bare Minimum Requirements - 비밀번호 일치 여부를 확인하고 시각적 피드백을 제공하세요 비밀번호 확인창 값과 비밀번호 값이 서로 일치하면 메시지가 더이상 보이지 않아야 합니다",
      "duration": 1,
      "currentRetry": 0,
      "err": {}
    }
  ]
}