<?xml version="1.0" encoding="utf-8"?>
<bdpDatabase xmlns="urn:schemas-aquantia-com:bdpdatabase" xmlns:xsi="http://www.w3.org/2001/XMLSchema-instance" xsi:schemaLocation="urn:schemas-aquantia-com:bdpdatabase bdpdatabaseschema.xsd">
<version>1.0.1</version>
  <bdp id="0">
    <hwids>
      <pciid vid="1d6a" did="07b1" sdid="0873" svid="1028" />
    </hwids>
    <mac>02010000ac000000000300003423bcf0ffffffffc00000000b0000003f0000003f000000c0000000000000000100000001000000c00000000b000000000000000800000000000000</mac>
    <phy>0301040200e4020003001cc41ab0ffff1dc41ab0ffff1ec40100ffff0000</phy>
    <image>AQC107-Nikki-3.1.121_bdp_aqsign.clx</image>
  </bdp>
  <bdp id="1">
    <hwids>
      <pciid vid="1d6a" did="d107" sdid="d107" svid="1849" />
      <pciid vid="1d6a" did="07b1" sdid="d107" svid="1849" />
      <pciid vid="1d6a" did="d108" sdid="d108" svid="1849" />
      <pciid vid="1d6a" did="08b1" sdid="d108" svid="1849" />
    </hwids>
    <mac>02010000ac000000000300003123bcf0ffffffffc00000000600000000000000ffffffffc00000000e00000021000000ffff0000c00000000b000000000000000800000000000000</mac>
    <phy>030184011cc42eb0ffff1dc42eb0ffff1ec40100ffff0000</phy>
    <image>AQC107-Nikki-3.1.121_bdp_aqsign.clx</image>
  </bdp>
  <bdp id="2">
    <hwids>
      <pciid vid="1d6a" did="d107" sdid="0001" svid="1d6a" />
      <pciid vid="1d6a" did="d108" sdid="0001" svid="1d6a" />
      <pciid vid="1d6a" did="d109" sdid="0001" svid="1d6a" />
      <pciid vid="1d6a" did="07b1" sdid="0001" svid="1d6a" />
      <pciid vid="1d6a" did="08b1" sdid="0001" svid="1d6a" />
      <pciid vid="1d6a" did="09b1" sdid="0001" svid="1d6a" />
      <pciid vid="1d6a" did="87b1" sdid="0001" svid="1d6a" />
      <pciid vid="1d6a" did="88b1" sdid="0001" svid="1d6a" />
      <pciid vid="1d6a" did="89b1" sdid="0001" svid="1d6a" />
      <pciid vid="1d6a" did="d107" sdid="8001" svid="1d6a" />
      <pciid vid="1d6a" did="d108" sdid="8001" svid="1d6a" />
      <pciid vid="1d6a" did="07b1" sdid="8001" svid="1d6a" />
      <pciid vid="1d6a" did="08b1" sdid="8001" svid="1d6a" />
      <pciid vid="1d6a" did="d107" sdid="7202" svid="105a" />
      <pciid vid="1d6a" did="87b1" sdid="7202" svid="105a" />
      <pciid vid="1d6a" did="d107" sdid="e000" svid="1458" />
      <pciid vid="1d6a" did="07b1" sdid="e000" svid="1458" />
      <pciid vid="1d6a" did="87b1" sdid="0001" svid="1cf0" />
      <pciid vid="1d6a" did="d107" sdid="d107" svid="1baa" />
      <pciid vid="1d6a" did="07b1" sdid="07b1" svid="1baa" />
      <pciid vid="1d6a" did="87b1" sdid="87b1" svid="1baa" />
      <pciid vid="1d6a" did="d107" sdid="b912" svid="1462" />
      <pciid vid="1d6a" did="d107" sdid="7a92" svid="1462" />
      <pciid vid="1d6a" did="d107" sdid="1202" svid="1462" />
      <pciid vid="1d6a" did="07b1" sdid="1202" svid="1462" />
      <pciid vid="1d6a" did="d107" sdid="121c" svid="1462" />
      <pciid vid="1d6a" did="07b1" sdid="121c" svid="1462" />
      <pciid vid="1d6a" did="07b1" sdid="07b1" svid="15d9" />
      <pciid vid="1d6a" did="07b1" sdid="1b1a" svid="15d9" />
      <pciid vid="1d6a" did="07b1" sdid="1b28" svid="15d9" />
      <pciid vid="1d6a" did="08b1" sdid="08b1" svid="15d9" />
      <pciid vid="1d6a" did="d108" sdid="097b" svid="15d9" />
      <pciid vid="1d6a" did="d108" sdid="098e" svid="15d9" />
      <pciid vid="1d6a" did="d108" sdid="d108" svid="15d9" />
      <pciid vid="1d6a" did="d108" sdid="0001" svid="17aa" />
      <pciid vid="1d6a" did="d108" sdid="0001" svid="1590" />
      <pciid vid="1d6a" did="07b1" sdid="1001" svid="7053" />
    </hwids>
    <mac>02010000ac000000000300002323bcf0ffffffffc00000000b000000000000000800000000000000</mac>
    <phy>030184011cc421b0ffff1dc421b0ffff1ec40100ffff0000</phy>
    <image>AQC107-Nikki-3.1.121_bdp_aqsign.clx</image>
  </bdp>
  <bdp id="3">
    <hwids>
      <pciid vid="1d6a" did="92b1" sdid="0101" svid="1d6a" />
    </hwids>
    <mac>02010000ac000000000300003923bcf0ffffffffc00200000800000004040000ffff00000900000018180000ffff00000a00000000000000ffffffff26000000f401f401ffffffff27000000f401f401ffffffff00000000</mac>
    <phy>0301040200e4020003001cc40ab0ffff1dc40ab0ffff1ec40100ffff0000</phy>
    <image>AQC111-Bermuda-B0-3.1.121_bdp_aqsign.clx</image>
  </bdp>
  <bdp id="4">
    <hwids>
      <pciid vid="1d6a" did="11b1" sdid="0001" svid="1d6a" />
      <pciid vid="1d6a" did="12b1" sdid="0001" svid="1d6a" />
      <pciid vid="1d6a" did="91b1" sdid="0001" svid="1d6a" />
      <pciid vid="1d6a" did="92b1" sdid="0001" svid="1d6a" />
    </hwids>
    <mac>02010000ac000000000300000423bcf0ffffffff00000000</mac>
    <phy>0301040200e4020003001cc40eb0ffff1dc40eb0ffff1ec40100ffff0000</phy>
    <image>AQC111-Bermuda-B0-3.1.121_bdp_aqsign.clx</image>
  </bdp>
  <bdp id="5">
    <hwids>
      <pciid vid="1d6a" did="d100" sdid="874a" svid="1043" />
      <pciid vid="1d6a" did="00b1" sdid="874a" svid="1043" />
      <pciid vid="1d6a" did="d100" sdid="0001" svid="1d6a" />
      <pciid vid="1d6a" did="d100" sdid="0004" svid="1d6a" />
      <pciid vid="1d6a" did="00b1" sdid="0001" svid="1d6a" />
      <pciid vid="1d6a" did="00b1" sdid="0004" svid="1d6a" />
      <pciid vid="1d6a" did="d100" sdid="101b" svid="20f4" />
      <pciid vid="1d6a" did="00b1" sdid="101b" svid="20f4" />
      <pciid vid="1d6a" did="80b1" sdid="0001" svid="1d6a" />
      <pciid vid="1d6a" did="80b1" sdid="0004" svid="1d6a" />
      <pciid vid="1d6a" did="80b1" sdid="7201" svid="105a" />
      <pciid vid="1d6a" did="80b1" sdid="7302" svid="16b8" />
    </hwids>
    <mac>02010000ac000000000300000e23bcf0ffffffffc00000000600000000000000ffffffffc00000000b000000000000003f000000c00100000200000007000000070000000e00000020436500ffffff0f18000000000000000080000000000000</mac>
    <image>AQC100-Felicity-3.1.121_bdp_aqsign.clx</image>
  </bdp>
  <bdp id="6">
    <hwids>
      <pciid vid="1d6a" did="87b1" sdid="72e1" svid="16b8" />
      <pciid vid="1d6a" did="87b1" sdid="72e3" svid="16b8" />
      <pciid vid="1d6a" did="87b1" sdid="7311" svid="16b8" />
      <pciid vid="1d6a" did="87b1" sdid="000F" svid="1C7A" />
    </hwids>
    <mac>02010000ac000000000300002b23bcf0ffffffffc00000000b0000003f0000003f000000c00000000b000000000000000800000000000000</mac>
    <phy>0301040200e4030003001cc432b0ffff1dc432b0ffff1ec40100ffff0000</phy>
    <image>AQC107-Nikki-3.1.121_bdp_aqsign.clx</image>
  </bdp>
  <bdp id="7">
    <hwids>
      <pciid vid="1d6a" did="07b1" sdid="1d0f" svid="0001" />
    </hwids>
    <mac>02010000ac000000000300001a23bcf0ffffffff400100001500000000006000000060000e000000080000000f000000c00000000b000000000000000800000000000000</mac>
    <phy>0301040200e4020003001cc434b0ffff1dc434b0ffff1ec40100ffff0000</phy>
    <image>AQC107-Nikki-3.1.121_bdp_aqsign.clx</image>
  </bdp>
  <bdp id="8">
    <hwids>
      <pciid vid="1d6a" did="87b1" sdid="0170" svid="1ab6" />
      <pciid vid="1d6a" did="87b1" sdid="0171" svid="1ab6" />
      <pciid vid="1d6a" did="87b1" sdid="0172" svid="1ab6" />
    </hwids>
    <mac>02010000ac000000000300001f23bcf0ffffffffc00000000b0000003f0000003f000000c0000000000000000100000001000000c00000000b000000000000000800000000000000</mac>
    <phy>0301040200e4030003001cc42ab0ffff1dc42ab0ffff1ec40100ffff0000</phy>
    <image>AQC107-Nikki-3.1.121_bdp_aqsign.clx</image>
  </bdp>
  <bdp id="9">
    <hwids>
      <pciid vid="1d6a" did="80b1" sdid="72e5" svid="16b8" />
      <pciid vid="1d6a" did="80b1" sdid="72e7" svid="16b8" />
      <pciid vid="1d6a" did="80b1" sdid="80b1" svid="1baa" />
    </hwids>
	<mac>02010000c0000000060000000000000001000000c00000000b000000000000003f000000c00100000200000007000000070000000e00000020436500ffffff0f18000000000000000080000000000000</mac>
    <image>AQC100-Felicity-3.1.121_bdp_aqsign.clx</image>
  </bdp>
  <bdp id="10">
    <hwids>
      <pciid vid="1d6a" did="07b1" sdid="1d0f" svid="0002" />
    </hwids>
    <mac>02010000ac000000000300001b23bcf0ffffffff400100001500000000006000000060000e000000080000000f000000c00000000b000000000000000800000000000000</mac>
    <phy>0301040200e4030003001cc41eb0ffff1dc41eb0ffff1ec40100ffff0000</phy>
    <image>AQC107-Nikki-3.1.121_bdp_aqsign.clx</image>
  </bdp>
  <bdp id="11">
    <hwids>
      <pciid vid="1d6a" did="87b1" sdid="7300" svid="16b8" />
    </hwids>
    <mac>02010000ac000000000300002c23bcf0ffffffffc00000000b0000003f0000003f000000c00000000b000000000000000800000000000000</mac>
    <phy>0301040200e4020003001cc425b0ffff1dc425b0ffff1ec40100ffff0000</phy>
    <image>AQC107-Nikki-3.1.121_bdp_aqsign.clx</image>
  </bdp>
</bdpDatabase>
